<?xml version="1.0" encoding="UTF-8"?>
<project version="4">
  <component name="ChangeListManager">
    <list default="true" id="0b070e97-cfcf-4611-bc10-d56cff583429" name="Changes" comment="" />
    <option name="SHOW_DIALOG" value="false" />
    <option name="HIGHLIGHT_CONFLICTS" value="true" />
    <option name="HIGHLIGHT_NON_ACTIVE_CHANGELIST" value="false" />
    <option name="LAST_RESOLUTION" value="IGNORE" />
  </component>
  <component name="Git.Settings">
    <option name="RECENT_GIT_ROOT_PATH" value="$PROJECT_DIR$" />
  </component>
  <component name="GitSEFilterConfiguration">
    <file-type-list>
      <filtered-out-file-type name="LOCAL_BRANCH" />
      <filtered-out-file-type name="REMOTE_BRANCH" />
      <filtered-out-file-type name="TAG" />
      <filtered-out-file-type name="COMMIT_BY_MESSAGE" />
    </file-type-list>
  </component>
  <component name="MarkdownSettingsMigration">
    <option name="stateVersion" value="1" />
  </component>
  <component name="ProjectId" id="2D9Ul2yle6Fk3MIgVg6AZt6wcmD" />
  <component name="ProjectLevelVcsManager">
    <ConfirmationsSetting value="2" id="Add" />
  </component>
  <component name="ProjectViewState">
    <option name="hideEmptyMiddlePackages" value="true" />
    <option name="showLibraryContents" value="true" />
  </component>
  <component name="PropertiesComponent">
    <property name="RunOnceActivity.OpenProjectViewOnStart" value="true" />
    <property name="RunOnceActivity.ShowReadmeOnStart" value="true" />
    <property name="WebServerToolWindowFactoryState" value="false" />
    <property name="last_opened_file_path" value="$PROJECT_DIR$" />
    <property name="node.js.detected.package.eslint" value="true" />
    <property name="node.js.selected.package.eslint" value="(autodetect)" />
    <property name="nodejs_package_manager_path" value="npm" />
    <property name="vue.rearranger.settings.migration" value="true" />
  </component>
  <component name="RunManager" selected="npm.start">
    <configuration name="build" type="js.build_tools.npm" temporary="true" nameIsGenerated="true">
      <package-json value="$PROJECT_DIR$/package.json" />
      <command value="run" />
      <scripts>
        <script value="build" />
      </scripts>
      <node-interpreter value="project" />
      <envs />
      <method v="2" />
    </configuration>
    <configuration name="start" type="js.build_tools.npm" temporary="true" nameIsGenerated="true">
      <package-json value="$PROJECT_DIR$/package.json" />
      <command value="run" />
      <scripts>
        <script value="start" />
      </scripts>
      <node-interpreter value="project" />
      <envs />
      <method v="2" />
    </configuration>
    <recent_temporary>
      <list>
        <item itemvalue="npm.start" />
        <item itemvalue="npm.build" />
      </list>
    </recent_temporary>
  </component>
  <component name="SpellCheckerSettings" RuntimeDictionaries="0" Folders="0" CustomDictionaries="0" DefaultDictionary="application-level" UseSingleDictionary="true" transferred="true" />
  <component name="TaskManager">
    <task active="true" id="Default" summary="Default task">
      <changelist id="0b070e97-cfcf-4611-bc10-d56cff583429" name="Changes" comment="" />
      <created>1660110941974</created>
      <option name="number" value="Default" />
      <option name="presentableId" value="Default" />
      <updated>1660110941974</updated>
      <workItem from="1660110943330" duration="10714000" />
    </task>
    <task id="LOCAL-00001" summary="init">
      <created>1660111255250</created>
      <option name="number" value="00001" />
      <option name="presentableId" value="LOCAL-00001" />
      <option name="project" value="LOCAL" />
      <updated>1660111255250</updated>
    </task>
    <task id="LOCAL-00002" summary="web3 js로 NFT 받기">
      <created>1660118537786</created>
      <option name="number" value="00002" />
      <option name="presentableId" value="LOCAL-00002" />
      <option name="project" value="LOCAL" />
      <updated>1660118537787</updated>
    </task>
    <task id="LOCAL-00003" summary="web3 js로 NFT 전송하기">
      <created>1660122521211</created>
      <option name="number" value="00003" />
      <option name="presentableId" value="LOCAL-00003" />
      <option name="project" value="LOCAL" />
      <updated>1660122521214</updated>
    </task>
    <option name="localTasksCounter" value="4" />
    <servers />
  </component>
  <component name="TypeScriptGeneratedFilesManager">
    <option name="version" value="3" />
  </component>
  <component name="VcsManagerConfiguration">
    <MESSAGE value="init" />
    <MESSAGE value="web3 js로 NFT 받기" />
    <MESSAGE value="web3 js로 NFT 전송하기" />
    <option name="LAST_COMMIT_MESSAGE" value="web3 js로 NFT 전송하기" />
  </component>
</project>